feature,feature_family,analysis_cohort,n_subjects_available,median_PreHI,median_HI,median_difference,bootstrap_ci_95_low_median_difference,bootstrap_ci_95_high_median_difference,median_percentage_change,n_increased,n_decreased,n_unchanged,direction_consistency,dominant_direction,wilcoxon_statistic,wilcoxon_p_value,rank_biserial_effect_size,hrv_bh_fdr_p_value,hrv_bh_fdr_significant,absolute_rank_biserial_effect_size,bootstrap_ci_excludes_zero
HRV_MeanNN,HRV,HRV_valid,12,622.388660375,598.1835879,39.34251842500004,-10.961323024999984,75.83622932499998,6.384278544134731,9,3,0,0.75,increased_during_HI,23.0,0.2333984375,0.41025641025641024,0.6787109375,False,0.41025641025641024,False
HRV_pNN50,HRV,HRV_valid,12,44.7382946925,50.5493483425,-1.1160004250000002,-16.04108799,6.115067175,-6.721533691777618,5,7,0,0.5833333333333334,decreased_during_HI,26.0,0.33935546875,-0.3333333333333333,0.6787109375,False,0.3333333333333333,False
HRV_SDNN,HRV,HRV_valid,12,45.34059476,49.503298709999996,1.091529042499996,-15.150617167499997,6.64985325,1.3052323703087987,7,5,0,0.5833333333333334,increased_during_HI,37.0,0.90966796875,-0.05128205128205128,0.90966796875,False,0.05128205128205128,False
HRV_RMSSD,HRV,HRV_valid,12,75.515998145,74.8231906675,1.8938369525000027,-23.241322977499998,4.917081997500002,2.3652521514516573,7,5,0,0.5833333333333334,increased_during_HI,37.0,0.90966796875,-0.05128205128205128,0.90966796875,False,0.05128205128205128,False
