feature,full_n_subjects_available,full_median_difference,full_median_percentage_change,full_n_increased,full_n_decreased,full_direction_consistency,full_dominant_direction,full_wilcoxon_p_value,full_family_bh_fdr_p_value,full_rank_biserial_effect_size,full_bootstrap_ci_excludes_zero,hrv_valid_n_subjects_available,hrv_valid_median_difference,hrv_valid_median_percentage_change,hrv_valid_n_increased,hrv_valid_n_decreased,hrv_valid_direction_consistency,hrv_valid_dominant_direction,hrv_valid_wilcoxon_p_value,hrv_valid_bh_fdr_p_value,hrv_valid_rank_biserial_effect_size,hrv_valid_bootstrap_ci_excludes_zero,direction_agrees_full_vs_hrv_valid
HRV_MeanNN,20,20.759493749999933,3.9719993901506663,15,5,0.75,increased_during_HI,0.05316925048828125,0.1063385009765625,0.49523809523809526,True,12,39.34251842500004,6.384278544134731,9,3,0.75,increased_during_HI,0.2333984375,0.6787109375,0.41025641025641024,False,True
HRV_RMSSD,20,0.445869794999993,0.8143534551644752,10,10,0.5,tied,0.6476554870605469,0.6476554870605469,-0.12380952380952381,False,12,1.8938369525000027,2.3652521514516573,7,5,0.5833333333333334,increased_during_HI,0.90966796875,0.90966796875,-0.05128205128205128,False,False
HRV_SDNN,20,-1.6762685174999987,-4.035840949799637,9,11,0.55,decreased_during_HI,0.5705966949462891,0.6476554870605469,-0.1523809523809524,False,12,1.091529042499996,1.3052323703087987,7,5,0.5833333333333334,increased_during_HI,0.90966796875,0.90966796875,-0.05128205128205128,False,False
HRV_pNN50,20,-11.345795360000002,-21.29314522835047,7,13,0.65,decreased_during_HI,0.026641845703125,0.1063385009765625,-0.5619047619047619,False,12,-1.1160004250000002,-6.721533691777618,5,7,0.5833333333333334,decreased_during_HI,0.33935546875,0.6787109375,-0.3333333333333333,False,True
