subject_id,feature,condition,n_windows,mean,median,standard_deviation,q1,q3,minimum,maximum
26502,sampleEntropy,before_HI,30,0.2756666666666667,0.275,0.01568731825465998,0.2625,0.29,0.25,0.31
26502,sampleEntropy,during_HI,58,0.27810344827586203,0.28,0.018396881557989138,0.27,0.29,0.23,0.31
