subject_id,feature,condition,n_windows,mean,median,standard_deviation,q1,q3,minimum,maximum
26502,approximateEntropy,before_HI,30,0.4773333333333334,0.48,0.017005746155310277,0.46,0.49,0.45,0.51
26502,approximateEntropy,during_HI,58,0.48051724137931034,0.49,0.02122745770641308,0.4725,0.49,0.42,0.51
