subject_id,feature,condition,n_windows,mean,median,standard_deviation,q1,q3,minimum,maximum
26502,fd_median,before_HI,30,5.048333333333333,5.029999999999999,0.20330176879555747,4.89,5.1850000000000005,4.67,5.51
26502,fd_median,during_HI,58,5.359655172413793,5.39,0.17782275343567094,5.33,5.4775,4.9,5.61
